date,segment_id,segment_name,sends,opens,clicks,bounces,unsubs,spam_complaints,unique_contacts_reached,EPC,sends_7d,opens_7d,clicks_7d,unsubs_7d,spam_7d,contacts_7d,EPC_7d,open_rate_7d,ctr_7d,ctor_7d,unsub_rate_7d,spam_rate_7d,sends_14d,opens_14d,clicks_14d,unsubs_14d,spam_14d,contacts_14d,EPC_14d,open_rate_14d,ctr_14d,ctor_14d,unsub_rate_14d,spam_rate_14d,sends_28d,opens_28d,clicks_28d,unsubs_28d,spam_28d,contacts_28d,EPC_28d,open_rate_28d,ctr_28d,ctor_28d,unsub_rate_28d,spam_rate_28d,ctor_baseline,ctor_sigma,oversaturation_flag,fatigue_score
2025-09-01,CORP,Corporate HQ,888,312,35,2,1,0,807,1.100371747211896,888.0,312.0,35.0,1.0,0.0,807.0,1.100371747211896,0.35135135135135137,0.039414414414414414,0.11217948717948718,0.0011261261261261261,0.0,888.0,312.0,35.0,1.0,0.0,807.0,1.100371747211896,0.35135135135135137,0.039414414414414414,0.11217948717948718,0.0011261261261261261,0.0,888.0,312.0,35.0,1.0,0.0,807.0,1.100371747211896,0.35135135135135137,0.039414414414414414,0.11217948717948718,0.0011261261261261261,0.0,0.11217948717948718,0.0,False,0.25284979130261026
2025-09-02,CORP,Corporate HQ,1071,384,39,3,1,0,986,1.0862068965517242,1959.0,696.0,74.0,2.0,0.0,1793.0,1.0925822643614054,0.3552833078101072,0.03777437468095967,0.10632183908045977,0.0010209290454313426,0.0,1959.0,696.0,74.0,2.0,0.0,1793.0,1.0925822643614054,0.3552833078101072,0.03777437468095967,0.10632183908045977,0.0010209290454313426,0.0,1959.0,696.0,74.0,2.0,0.0,1793.0,1.0925822643614054,0.3552833078101072,0.03777437468095967,0.10632183908045977,0.0010209290454313426,0.0,0.10925066312997347,0.004141982692626777,False,0.323036770879096
2025-09-03,CORP,Corporate HQ,956,338,36,4,0,0,837,1.1421744324970131,2915.0,1034.0,110.0,2.0,0.0,2630.0,1.108365019011407,0.35471698113207545,0.03773584905660377,0.10638297872340426,0.0006861063464837049,0.0,2915.0,1034.0,110.0,2.0,0.0,2630.0,1.108365019011407,0.35471698113207545,0.03773584905660377,0.10638297872340426,0.0006861063464837049,0.0,2915.0,1034.0,110.0,2.0,0.0,2630.0,1.108365019011407,0.35471698113207545,0.03773584905660377,0.10638297872340426,0.0006861063464837049,0.0,0.10829476832778373,0.0033644040975438663,False,0.30649530360961835
2025-09-04,CORP,Corporate HQ,1039,369,41,3,1,0,839,1.2383790226460072,3954.0,1403.0,151.0,3.0,0.0,3469.0,1.139809743441914,0.35483055134041475,0.038189175518462314,0.10762651461154668,0.0007587253414264037,0.0,3954.0,1403.0,151.0,3.0,0.0,3469.0,1.139809743441914,0.35483055134041475,0.038189175518462314,0.10762651461154668,0.0007587253414264037,0.0,3954.0,1403.0,151.0,3.0,0.0,3469.0,1.139809743441914,0.35483055134041475,0.038189175518462314,0.10762651461154668,0.0007587253414264037,0.0,0.10812770489872447,0.002767270143124712,False,0.27138221458038875
2025-09-05,CORP,Corporate HQ,759,265,30,2,0,0,692,1.096820809248555,4713.0,1668.0,181.0,3.0,0.0,4161.0,1.1326604181687094,0.3539147040101846,0.03840441332484617,0.10851318944844125,0.0006365372374283895,0.0,4713.0,1668.0,181.0,3.0,0.0,4161.0,1.1326604181687094,0.3539147040101846,0.03840441332484617,0.10851318944844125,0.0006365372374283895,0.0,4713.0,1668.0,181.0,3.0,0.0,4161.0,1.1326604181687094,0.3539147040101846,0.03840441332484617,0.10851318944844125,0.0006365372374283895,0.0,0.10820480180866783,0.002402718814465431,False,0.2399868487346807
2025-09-06,CORP,Corporate HQ,541,203,21,1,0,0,467,1.1584582441113491,5254.0,1871.0,202.0,3.0,0.0,4628.0,1.1352636127917026,0.35610963075751806,0.03844689760182718,0.10796365579903795,0.0005709935287400076,0.0,5254.0,1871.0,202.0,3.0,0.0,4628.0,1.1352636127917026,0.35610963075751806,0.03844689760182718,0.10796365579903795,0.0005709935287400076,0.0,5254.0,1871.0,202.0,3.0,0.0,4628.0,1.1352636127917026,0.35610963075751806,0.03844689760182718,0.10796365579903795,0.0005709935287400076,0.0,0.10816461080706286,0.002151310777356215,False,0.2604584908504791
2025-09-07,CORP,Corporate HQ,683,265,30,2,0,0,571,1.1961471103327495,5937.0,2136.0,232.0,3.0,0.0,5199.0,1.1419503750721292,0.35977766548762,0.039076974903149736,0.10861423220973783,0.0005053057099545225,0.0,5937.0,2136.0,232.0,3.0,0.0,5199.0,1.1419503750721292,0.35977766548762,0.039076974903149736,0.10861423220973783,0.0005053057099545225,0.0,5937.0,2136.0,232.0,3.0,0.0,5199.0,1.1419503750721292,0.35977766548762,0.039076974903149736,0.10861423220973783,0.0005053057099545225,0.0,0.10822884243601641,0.0019712081656724396,False,0.23373873723671745
2025-09-08,CORP,Corporate HQ,769,269,27,3,0,0,641,1.1996879875195008,5818.0,2093.0,224.0,2.0,0.0,5033.0,1.155970594079078,0.3597456170505328,0.03850120316259883,0.10702341137123746,0.00034376074252320387,0.0,6706.0,2405.0,259.0,3.0,0.0,5840.0,1.1482876712328767,0.35863405905159557,0.038622129436325675,0.1076923076923077,0.000447360572621533,0.0,6706.0,2405.0,259.0,3.0,0.0,5840.0,1.1482876712328767,0.35863405905159557,0.038622129436325675,0.1076923076923077,0.000447360572621533,0.0,0.10758781679499077,0.0009235663059944427,False,0.24136167506504214
2025-09-09,CORP,Corporate HQ,1084,392,41,4,1,0,893,1.213885778275476,5831.0,2101.0,226.0,2.0,0.0,4940.0,1.1803643724696355,0.3603155547933459,0.03875836048705197,0.10756782484531176,0.0003429943405933802,0.0,7790.0,2797.0,300.0,4.0,0.0,6733.0,1.1569879697014704,0.35905006418485236,0.038510911424903725,0.10725777618877369,0.0005134788189987163,0.0,7790.0,2797.0,300.0,4.0,0.0,6733.0,1.1569879697014704,0.35905006418485236,0.038510911424903725,0.10725777618877369,0.0005134788189987163,0.0,0.10772152209617847,0.0007636464937513547,False,0.315075968082981
2025-09-10,CORP,Corporate HQ,1091,393,45,2,1,0,958,1.138830897703549,5966.0,2156.0,235.0,3.0,0.0,5061.0,1.1788184153329382,0.3613811599061348,0.03938987596379484,0.10899814471243043,0.0005028494803888703,0.0,8881.0,3190.0,345.0,5.0,0.0,7691.0,1.1547263034715902,0.3591937844837293,0.038846976691813986,0.10815047021943573,0.0005629996622002027,0.0,8881.0,3190.0,345.0,5.0,0.0,7691.0,1.1547263034715902,0.3591937844837293,0.038846976691813986,0.10815047021943573,0.0005629996622002027,0.0,0.10797402088132584,0.0004907383010414441,False,0.22118162003109038
2025-09-11,CORP,Corporate HQ,1002,349,38,3,1,0,940,1.0659574468085107,5929.0,2136.0,232.0,3.0,0.0,5162.0,1.1485858194498257,0.3602631135098668,0.0391297014673638,0.10861423220973783,0.0005059875189745319,0.0,9883.0,3539.0,383.0,6.0,0.0,8631.0,1.1450585100220136,0.3580896488920368,0.038753414954973184,0.10822266176886126,0.0006071031063442275,0.0,9883.0,3539.0,383.0,6.0,0.0,8631.0,1.1450585100220136,0.3580896488920368,0.038753414954973184,0.10822266176886126,0.0006071031063442275,0.0,0.1080591847609422,0.00047174074082657723,False,0.2216839928222188
2025-09-12,CORP,Corporate HQ,749,285,27,2,1,0,592,1.2652027027027026,5919.0,2156.0,229.0,4.0,0.0,5062.0,1.1693006716712762,0.3642507180266937,0.038688967731035646,0.1062152133580705,0.0006757898293630681,0.0,10632.0,3824.0,410.0,7.0,0.0,9223.0,1.1527702482923128,0.35966892400300976,0.03856282919488337,0.10721757322175732,0.0006583897667419112,0.0,10632.0,3824.0,410.0,7.0,0.0,9223.0,1.1527702482923128,0.35966892400300976,0.03856282919488337,0.10721757322175732,0.0006583897667419112,0.0,0.10787409672855877,0.0005160139900930897,False,0.39191506523117875
2025-09-13,CORP,Corporate HQ,573,212,23,2,0,0,529,1.0831758034026464,5951.0,2165.0,231.0,4.0,0.0,5124.0,1.1613973458235753,0.3638044026214082,0.038817005545286505,0.1066974595842956,0.0006721559401781214,0.0,11205.0,4036.0,433.0,7.0,0.0,9752.0,1.1489950779327318,0.36019634091923247,0.03864346273984828,0.10728444003964321,0.0006247211066488174,0.0,11205.0,4036.0,433.0,7.0,0.0,9752.0,1.1489950779327318,0.36019634091923247,0.03864346273984828,0.10728444003964321,0.0006247211066488174,0.0,0.1077770659057881,0.000558478878671886,False,0.34562541464170143
2025-09-14,CORP,Corporate HQ,572,199,20,2,0,0,459,1.2461873638344227,5840.0,2099.0,221.0,4.0,0.0,5012.0,1.1652035115722266,0.35941780821917807,0.037842465753424655,0.10528823249166269,0.0006849315068493151,0.0,11777.0,4235.0,453.0,7.0,0.0,10211.0,1.1533640191949859,0.35959921881633694,0.03846480427952789,0.10696576151121606,0.00059437887407659,0.0,11777.0,4235.0,453.0,7.0,0.0,10211.0,1.1533640191949859,0.35959921881633694,0.03846480427952789,0.10696576151121606,0.00059437887407659,0.0,0.10754157009171357,0.0004899917343847592,False,0.3797303382217983
2025-09-15,CORP,Corporate HQ,850,297,31,3,1,0,710,1.1971830985915493,5921.0,2127.0,225.0,5.0,0.0,5081.0,1.1653217870497934,0.35922985982097616,0.038000337780780276,0.10578279266572638,0.0008444519506840061,0.0,11739.0,4220.0,449.0,7.0,0.0,10114.0,1.160668380462725,0.35948547576454554,0.038248573132294066,0.10639810426540285,0.0005963029218843172,0.0,12627.0,4532.0,484.0,8.0,0.0,10921.0,1.156212801025547,0.3589134394551358,0.03833056149520868,0.10679611650485436,0.0006335629999208046,0.0,0.10741354277922023,0.0005565958550736222,False,0.4596883685334863
2025-09-16,CORP,Corporate HQ,1042,358,39,3,1,0,951,1.0956887486855942,5879.0,2093.0,223.0,5.0,0.0,5139.0,1.1439968865538042,0.35601292736860013,0.03793162102398367,0.10654562828475872,0.0008504847763225039,0.0,11710.0,4194.0,449.0,7.0,0.0,10079.0,1.1618216092866356,0.35815542271562767,0.03834329632792485,0.10705770147830233,0.0005977796754910333,0.0,13669.0,4890.0,523.0,9.0,0.0,11872.0,1.1513645552560647,0.35774379983905186,0.038261760187285096,0.10695296523517382,0.0006584241714829175,0.0,0.10736999835727741,0.0005821496517097862,False,0.30900166838890025
2025-09-17,CORP,Corporate HQ,947,346,32,4,1,0,863,1.097334878331402,5735.0,2046.0,210.0,5.0,0.0,5044.0,1.136994448850119,0.3567567567567568,0.036617262423714034,0.10263929618768329,0.0008718395815170009,0.0,11701.0,4202.0,445.0,8.0,0.0,10105.0,1.1579416130628402,0.3591146055892659,0.038030937526707116,0.10590195145168967,0.0006837022476711392,0.0,14616.0,5236.0,555.0,10.0,0.0,12735.0,1.1477031802120141,0.35823754789272033,0.03797208538587849,0.10599694423223835,0.0006841817186644773,0.0,0.10706235178767777,0.0006642045019013201,False,0.45077904814648917
2025-09-18,CORP,Corporate HQ,930,336,39,3,1,0,875,1.062857142857143,5663.0,2033.0,211.0,5.0,0.0,4979.0,1.137376983329986,0.3589969980575667,0.037259403143210315,0.10378750614854894,0.0008829242450997704,0.0,11592.0,4169.0,443.0,8.0,0.0,10141.0,1.1430825362390298,0.35964458247066944,0.038216011042098,0.10626049412329096,0.0006901311249137336,0.0,15546.0,5572.0,594.0,11.0,0.0,13610.0,1.1422483468038207,0.358420172391612,0.03820918564260903,0.10660445082555635,0.0007075775119001673,0.0,0.10683117879577707,0.000435176802281424,False,0.39557169110997864
2025-09-19,CORP,Corporate HQ,874,302,26,3,0,0,697,1.2539454806312769,5788.0,2050.0,210.0,4.0,0.0,5084.0,1.138473642800944,0.35418106427090534,0.03628196268140981,0.1024390243902439,0.000691085003455425,0.0,11707.0,4206.0,439.0,8.0,0.0,10146.0,1.1538537354622511,0.35927223028957034,0.03749893226274878,0.10437470280551593,0.0006833518407790211,0.0,16420.0,5874.0,620.0,11.0,0.0,14307.0,1.1476899419864401,0.3577344701583435,0.037758830694275276,0.10554988083077971,0.0006699147381242388,0.0,0.10659293702563742,0.0006098337110592972,False,0.6781319913245258
2025-09-20,CORP,Corporate HQ,446,153,13,1,0,0,406,1.0985221674876848,5661.0,1991.0,200.0,4.0,0.0,4961.0,1.1411005845595645,0.3517046458222929,0.03532944709415298,0.10045203415369161,0.0007065889418830596,0.0,11612.0,4156.0,431.0,8.0,0.0,10085.0,1.1514129895884977,0.3579056148811574,0.03711677574922494,0.10370548604427333,0.0006889424733034792,0.0,16866.0,6027.0,633.0,11.0,0.0,14713.0,1.1463331747434242,0.35734614016364286,0.03753112771255781,0.10502737680438029,0.0006521996916874185,0.0,0.10627049942059984,0.0007611858352677042,False,0.6479806715211189
2025-09-21,CORP,Corporate HQ,465,169,18,1,0,0,377,1.23342175066313,5554.0,1961.0,198.0,4.0,0.0,4879.0,1.1383480221356836,0.3530788620813828,0.035649981994958585,0.1009688934217236,0.0007202016564638099,0.0,11394.0,4060.0,419.0,8.0,0.0,9891.0,1.1519563239308461,0.3563278918729156,0.03677374056520976,0.10320197044334975,0.00070212392487274,0.0,17331.0,6196.0,651.0,11.0,0.0,15090.0,1.1485089463220677,0.3575096647625642,0.037562748831573484,0.10506778566817301,0.0006347008251110727,0.0,0.10599936001445086,0.0008087993372415198,False,0.6582773912142342
2025-09-22,CORP,Corporate HQ,880,333,43,3,1,0,750,1.1733333333333333,5584.0,1997.0,210.0,4.0,0.0,4919.0,1.1351900792844074,0.35762893982808025,0.037607449856733526,0.10515773660490736,0.0007163323782234957,0.0,11505.0,4124.0,435.0,9.0,0.0,10000.0,1.1505,0.3584528465884398,0.03780964797913951,0.10548011639185258,0.0007822685788787483,0.0,18211.0,6529.0,694.0,12.0,0.0,15840.0,1.1496843434343433,0.358519576080391,0.0381088353193125,0.10629499157604534,0.0006589423974520894,0.0,0.10592777073890669,0.0007462841451857827,False,0.3163354043450712
2025-09-23,CORP,Corporate HQ,969,350,40,3,1,0,858,1.1293706293706294,5511.0,1989.0,211.0,4.0,0.0,4826.0,1.1419394944053045,0.36091453456722916,0.038287062239158044,0.10608345902463549,0.0007258210851025222,0.0,11390.0,4082.0,434.0,9.0,0.0,9965.0,1.1430005017561464,0.3583845478489903,0.03810359964881475,0.1063204311611955,0.0007901668129938542,0.0,19180.0,6879.0,734.0,13.0,0.0,16698.0,1.1486405557551802,0.3586548488008342,0.03826903023983316,0.10670155545864224,0.0006777893639207508,0.0,0.10589185505654504,0.0006928599709149201,False,0.2003718653694066
2025-09-24,CORP,Corporate HQ,1022,364,43,2,1,0,945,1.0814814814814815,5586.0,2007.0,222.0,4.0,0.0,4908.0,1.1381418092909537,0.3592910848549946,0.0397422126745435,0.11061285500747384,0.0007160759040458289,0.0,11321.0,4053.0,432.0,9.0,0.0,9952.0,1.1375602893890675,0.35800724317639787,0.038159173217913615,0.10658771280532939,0.0007949827753732003,0.0,20202.0,7243.0,777.0,14.0,0.0,17643.0,1.1450433599727938,0.3585288585288585,0.038461538461538464,0.10727599061162502,0.000693000693000693,0.0,0.10607457596788601,0.0008709581520445461,False,0.2022490679548696
2025-09-25,CORP,Corporate HQ,1046,380,44,3,1,0,914,1.1444201312910285,5702.0,2051.0,227.0,4.0,0.0,4947.0,1.1526177481301798,0.3596983514556296,0.0398105927744651,0.1106777181862506,0.0007015082427218519,0.0,11365.0,4084.0,438.0,9.0,0.0,9926.0,1.1449727987104574,0.35934887813462385,0.038539375274967,0.10724779627815867,0.0007919049714034316,0.0,21248.0,7623.0,821.0,15.0,0.0,18557.0,1.1450126636848628,0.3587631777108434,0.03863893072289157,0.10770038042765316,0.0007059487951807229,0.0,0.10623113733961412,0.0010600551204586006,False,0.1746602819940297
2025-09-26,CORP,Corporate HQ,900,319,38,2,0,0,831,1.0830324909747293,5728.0,2068.0,239.0,4.0,0.0,5081.0,1.1273371383585908,0.3610335195530726,0.041724860335195534,0.1155705996131528,0.0006983240223463687,0.0,11516.0,4118.0,449.0,8.0,0.0,10165.0,1.1329070339399903,0.35758944077804794,0.03898923237235151,0.10903351141330743,0.0006946856547412296,0.0,22148.0,7942.0,859.0,15.0,0.0,19388.0,1.1423560965545698,0.35858768286075493,0.038784540364818494,0.10815915386552506,0.0006772620552645837,0.0,0.106603890630292,0.0012262968192788782,False,0.11143614895883751
2025-09-27,CORP,Corporate HQ,485,169,16,1,0,0,430,1.127906976744186,5767.0,2084.0,242.0,4.0,0.0,5105.0,1.1296767874632714,0.36136639500606904,0.0419628923183631,0.11612284069097889,0.000693601525923357,0.0,11428.0,4075.0,442.0,8.0,0.0,10066.0,1.1353069739717863,0.3565803290164508,0.03867693384669234,0.10846625766871165,0.0007000350017500875,0.0,22633.0,8111.0,875.0,15.0,0.0,19818.0,1.1420425875466746,0.35837052092077937,0.03866036318649759,0.10787819011219332,0.0006627490831971016,0.0,0.10701114967426531,0.001080142518207491,False,0.14711799098784933
2025-09-28,CORP,Corporate HQ,629,224,25,1,0,0,583,1.0789022298456261,5931.0,2139.0,249.0,4.0,0.0,5311.0,1.1167388439088684,0.36064744562468387,0.041982802225594334,0.11640953716690042,0.0006744225257123588,0.0,11485.0,4100.0,447.0,8.0,0.0,10190.0,1.1270853778213936,0.3569873748367436,0.038920330866347407,0.10902439024390244,0.000696560731388768,0.0,23262.0,8335.0,900.0,15.0,0.0,20401.0,1.1402382236164894,0.3583096896225604,0.03868970853752902,0.10797840431913618,0.0006448284756254836,0.0,0.10742695233868861,0.0007010613448546113,False,0.09724475714557809
2025-09-01,MPE,Owner Relations – East,2338,700,71,10,3,0,2126,1.0997177798682973,2338.0,700.0,71.0,3.0,0.0,2126.0,1.0997177798682973,0.2994011976047904,0.030367835757057315,0.10142857142857142,0.0012831479897348161,0.0,2338.0,700.0,71.0,3.0,0.0,2126.0,1.0997177798682973,0.2994011976047904,0.030367835757057315,0.10142857142857142,0.0012831479897348161,0.0,2338.0,700.0,71.0,3.0,0.0,2126.0,1.0997177798682973,0.2994011976047904,0.030367835757057315,0.10142857142857142,0.0012831479897348161,0.0,0.10142857142857142,0.0,False,0.2542614630234085
2025-09-02,MPE,Owner Relations – East,2509,808,75,9,4,0,1975,1.270379746835443,4847.0,1508.0,146.0,7.0,0.0,4101.0,1.1819068519873202,0.31112028058592944,0.030121724778213326,0.09681697612732096,0.0014441922838869404,0.0,4847.0,1508.0,146.0,7.0,0.0,4101.0,1.1819068519873202,0.31112028058592944,0.030121724778213326,0.09681697612732096,0.0014441922838869404,0.0,4847.0,1508.0,146.0,7.0,0.0,4101.0,1.1819068519873202,0.31112028058592944,0.030121724778213326,0.09681697612732096,0.0014441922838869404,0.0,0.09912277377794619,0.0032608903096022234,False,0.33959649544479026
2025-09-03,MPE,Owner Relations – East,2415,761,67,9,4,0,2163,1.116504854368932,7262.0,2269.0,213.0,11.0,0.0,6264.0,1.159323116219668,0.3124483613329661,0.02933076287524098,0.09387395328338476,0.0015147342329936656,0.0,7262.0,2269.0,213.0,11.0,0.0,6264.0,1.159323116219668,0.3124483613329661,0.02933076287524098,0.09387395328338476,0.0015147342329936656,0.0,7262.0,2269.0,213.0,11.0,0.0,6264.0,1.159323116219668,0.3124483613329661,0.02933076287524098,0.09387395328338476,0.0015147342329936656,0.0,0.09737316694642571,0.003807896400946095,False,0.36142113120309893
2025-09-04,MPE,Owner Relations – East,2575,802,80,11,5,0,2199,1.170986812187358,9837.0,3071.0,293.0,16.0,0.0,8463.0,1.162353775257001,0.31218867540916945,0.02978550371048084,0.09540866167372192,0.0016265121480126055,0.0,9837.0,3071.0,293.0,16.0,0.0,8463.0,1.162353775257001,0.31218867540916945,0.02978550371048084,0.09540866167372192,0.0016265121480126055,0.0,9837.0,3071.0,293.0,16.0,0.0,8463.0,1.162353775257001,0.31218867540916945,0.02978550371048084,0.09540866167372192,0.0016265121480126055,0.0,0.09688204062824976,0.0032606037644142536,False,0.3110263042882546
2025-09-05,MPE,Owner Relations – East,2210,676,56,9,3,0,1781,1.2408759124087592,12047.0,3747.0,349.0,19.0,0.0,10244.0,1.1760054666146036,0.3110317921474226,0.028969868016933676,0.09314117961035495,0.0015771561384577072,0.0,12047.0,3747.0,349.0,19.0,0.0,10244.0,1.1760054666146036,0.3110317921474226,0.028969868016933676,0.09314117961035495,0.0015771561384577072,0.0,12047.0,3747.0,349.0,19.0,0.0,10244.0,1.1760054666146036,0.3110317921474226,0.028969868016933676,0.09314117961035495,0.0015771561384577072,0.0,0.0961338684246708,0.0032821427318788705,False,0.36363210769957827
2025-09-06,MPE,Owner Relations – East,1581,475,44,5,2,0,1287,1.2284382284382285,13628.0,4222.0,393.0,21.0,0.0,11531.0,1.1818576012488076,0.30980334605224535,0.02883768711476372,0.0930838465182378,0.0015409451130026417,0.0,13628.0,4222.0,393.0,21.0,0.0,11531.0,1.1818576012488076,0.30980334605224535,0.02883768711476372,0.0930838465182378,0.0015409451130026417,0.0,13628.0,4222.0,393.0,21.0,0.0,11531.0,1.1818576012488076,0.30980334605224535,0.02883768711476372,0.0930838465182378,0.0015409451130026417,0.0,0.09562553144026531,0.0031887940774259944,False,0.35085016506396366
2025-09-07,MPE,Owner Relations – East,1600,501,54,5,2,0,1406,1.1379800853485065,15228.0,4723.0,447.0,23.0,0.0,12937.0,1.1770889696220144,0.31015235093249277,0.029353821907013397,0.09464323523184416,0.001510375623850801,0.0,15228.0,4723.0,447.0,23.0,0.0,12937.0,1.1770889696220144,0.31015235093249277,0.029353821907013397,0.09464323523184416,0.001510375623850801,0.0,15228.0,4723.0,447.0,23.0,0.0,12937.0,1.1770889696220144,0.31015235093249277,0.029353821907013397,0.09464323523184416,0.001510375623850801,0.0,0.09548520341049085,0.0029345385920854007,False,0.29426284279377984
2025-09-08,MPE,Owner Relations – East,2200,668,62,9,4,0,1923,1.1440457618304731,15090.0,4691.0,438.0,24.0,0.0,12734.0,1.1850164912831789,0.3108681245858184,0.029025844930417495,0.09337028352163718,0.0015904572564612327,0.0,17428.0,5391.0,509.0,27.0,0.0,14860.0,1.1728129205921938,0.30932981409226534,0.02920587560247877,0.09441662029308107,0.0015492311223318797,0.0,17428.0,5391.0,509.0,27.0,0.0,14860.0,1.1728129205921938,0.30932981409226534,0.02920587560247877,0.09441662029308107,0.0015492311223318797,0.0,0.09448349610542081,0.0013205695927570268,False,0.2702154261838456
2025-09-09,MPE,Owner Relations – East,2818,884,82,11,4,0,2219,1.2699414150518251,15399.0,4767.0,445.0,24.0,0.0,12978.0,1.1865464632454923,0.30956555620494836,0.028897980388336904,0.0933501153765471,0.0015585427625170465,0.0,20246.0,6275.0,591.0,31.0,0.0,17079.0,1.185432402365478,0.30993776548454016,0.02919095129902203,0.09418326693227091,0.001531166650202509,0.0,20246.0,6275.0,591.0,31.0,0.0,17079.0,1.185432402365478,0.30993776548454016,0.02919095129902203,0.09418326693227091,0.001531166650202509,0.0,0.09410725193469936,0.0008284035960485369,False,0.25767986100599816
2025-09-10,MPE,Owner Relations – East,2404,712,79,11,4,0,2120,1.1339622641509435,15388.0,4718.0,457.0,24.0,0.0,12935.0,1.1896405102435252,0.3066025474395633,0.02969846633740577,0.09686307757524375,0.0015596568754873928,0.0,22650.0,6987.0,670.0,35.0,0.0,19199.0,1.1797489452575656,0.308476821192053,0.029580573951434878,0.095892371547159,0.0015452538631346578,0.0,22650.0,6987.0,670.0,35.0,0.0,19199.0,1.1797489452575656,0.308476821192053,0.029580573951434878,0.095892371547159,0.0015452538631346578,0.0,0.09439559740095282,0.0010541771769487002,False,0.1512522233165822
2025-09-11,MPE,Owner Relations – East,2471,757,78,8,4,0,2053,1.2036044812469557,15284.0,4673.0,455.0,23.0,0.0,12789.0,1.1950895300648996,0.3057445694844282,0.029769693797435225,0.09736785790712604,0.0015048416644857367,0.0,25121.0,7744.0,748.0,39.0,0.0,21252.0,1.1820534537925842,0.30826798296246166,0.029775884717965048,0.09659090909090909,0.00155248596791529,0.0,25121.0,7744.0,748.0,39.0,0.0,21252.0,1.1820534537925842,0.30826798296246166,0.029775884717965048,0.09659090909090909,0.00155248596791529,0.0,0.09456448988912243,0.0013077435152310892,False,0.14332784933472364
2025-09-12,MPE,Owner Relations – East,2224,656,58,9,5,0,2035,1.0928746928746929,15298.0,4653.0,457.0,25.0,0.0,13043.0,1.1728896726213294,0.30415740619688847,0.029873186037390507,0.09821620459918333,0.0016342005490913845,0.0,27345.0,8400.0,806.0,44.0,0.0,23287.0,1.174260316915017,0.30718595721338454,0.02947522398976047,0.09595238095238096,0.001609069299689157,0.0,27345.0,8400.0,806.0,44.0,0.0,23287.0,1.174260316915017,0.30718595721338454,0.02947522398976047,0.09595238095238096,0.001609069299689157,0.0,0.09496609008084043,0.0012269616311364404,False,0.19514575880177087
2025-09-13,MPE,Owner Relations – East,1369,429,48,4,2,0,1106,1.2377938517179023,15086.0,4607.0,461.0,25.0,0.0,12862.0,1.1729124552946664,0.3053824738167838,0.0305581333686862,0.1000651182982418,0.0016571655839851518,0.0,28714.0,8829.0,854.0,46.0,0.0,24393.0,1.1771409830689132,0.30748067144946717,0.029741589468551925,0.09672669611507533,0.0016020059901093544,0.0,28714.0,8829.0,854.0,46.0,0.0,24393.0,1.1771409830689132,0.30748067144946717,0.029741589468551925,0.09672669611507533,0.0016020059901093544,0.0,0.09548649716610293,0.0010562304912416383,False,0.1678834705207539
2025-09-14,MPE,Owner Relations – East,1500,463,53,7,3,0,1265,1.1857707509881423,14986.0,4569.0,460.0,26.0,0.0,12721.0,1.1780520399339676,0.3048845589216602,0.03069531562791939,0.10067848544539286,0.0017349526224476179,0.0,30214.0,9292.0,907.0,49.0,0.0,25658.0,1.1775664510094317,0.3075395512014298,0.03001919639902032,0.09761084804132587,0.001621764744820282,0.0,30214.0,9292.0,907.0,49.0,0.0,25658.0,1.1775664510094317,0.3075395512014298,0.03001919639902032,0.09761084804132587,0.001621764744820282,0.0,0.09591044185317174,0.0012407933867224338,False,0.1547814471777856
2025-09-15,MPE,Owner Relations – East,2231,695,76,6,4,0,1841,1.211841390548615,15017.0,4596.0,474.0,26.0,0.0,12639.0,1.188147796502888,0.30605313977492177,0.03156422720916295,0.1031331592689295,0.001731371112738896,0.0,30107.0,9287.0,912.0,50.0,0.0,25373.0,1.1865762818744334,0.3084664695917893,0.030291958680705482,0.09820178744481534,0.0016607433487228884,0.0,32445.0,9987.0,983.0,53.0,0.0,27499.0,1.1798610858576675,0.3078132223763292,0.03029742641393127,0.09842795634324622,0.0016335336723686238,0.0,0.0964834898603382,0.0013567791269476991,False,0.162704173349103
2025-09-16,MPE,Owner Relations – East,2724,891,88,12,4,0,2258,1.2063773250664305,14923.0,4603.0,480.0,26.0,0.0,12678.0,1.1770784035336803,0.30845004355692557,0.03216511425316625,0.10427981751031935,0.0017422770220465054,0.0,30322.0,9370.0,925.0,50.0,0.0,25656.0,1.1818677892111007,0.30901655563617175,0.030505903304531363,0.09871931696905016,0.0016489677461908846,0.0,35169.0,10878.0,1071.0,57.0,0.0,29757.0,1.1818731726988607,0.3093064915124115,0.03045295572805596,0.09845559845559845,0.0016207455429497568,0.0,0.09709382293509927,0.0010828772747936723,False,0.14691877073679072
2025-09-17,MPE,Owner Relations – East,2505,751,71,8,4,0,2194,1.141750227894257,15024.0,4642.0,472.0,26.0,0.0,12752.0,1.178168130489335,0.3089723109691161,0.03141640042598509,0.1016803102111159,0.0017305644302449414,0.0,30412.0,9360.0,929.0,50.0,0.0,25687.0,1.1839451862809982,0.3077732474023412,0.030547152439826385,0.09925213675213675,0.0016440878600552415,0.0,37674.0,11629.0,1142.0,61.0,0.0,31951.0,1.1791180244749773,0.30867441737006956,0.030312682486595532,0.09820276893971967,0.0016191537930668365,0.0,0.09742387970546508,0.0010049421754108666,False,0.12818961097406456
2025-09-18,MPE,Owner Relations – East,3495,1034,88,14,6,0,2912,1.200206043956044,16048.0,4919.0,482.0,28.0,0.0,13611.0,1.1790463595621188,0.30651794616151545,0.030034895314057827,0.09798739581215694,0.001744765702891326,0.0,31332.0,9592.0,937.0,51.0,0.0,26400.0,1.1868181818181818,0.30614068683773776,0.029905527894804034,0.09768557130942453,0.0016277288395250861,0.0,41169.0,12663.0,1230.0,67.0,0.0,34863.0,1.180879442388779,0.3075858048531662,0.029876849085476935,0.09713338071547027,0.0016274381209162234,0.0,0.09750137565183097,0.0009493825117823816,False,0.2490789162011744
2025-09-19,MPE,Owner Relations – East,2982,919,74,8,7,0,2332,1.2787307032590052,16806.0,5182.0,498.0,30.0,0.0,13908.0,1.2083692838654012,0.30834225871712484,0.029632274187790075,0.09610189116171362,0.001785076758300607,0.0,32104.0,9835.0,955.0,55.0,0.0,26951.0,1.1911988423435123,0.30634811861450284,0.02974707201594817,0.0971021860701576,0.0017131821579865437,0.0,44151.0,13582.0,1304.0,74.0,0.0,37195.0,1.1870143836537168,0.3076261013340581,0.029535004869651875,0.09600942423796201,0.0016760662272655206,0.0,0.09750952469262826,0.0009339907669448425,False,0.3139841834999201
2025-09-20,MPE,Owner Relations – East,1832,536,46,7,3,0,1670,1.097005988023952,17269.0,5289.0,496.0,31.0,0.0,14472.0,1.1932697622996131,0.30627135329202615,0.02872198737622329,0.09377954244658726,0.0017951242110139556,0.0,32355.0,9896.0,957.0,56.0,0.0,27334.0,1.1836906416916662,0.30585690001545357,0.02957811775614279,0.09670573969280517,0.0017307989491577808,0.0,45983.0,14118.0,1350.0,77.0,0.0,38865.0,1.183146790171105,0.30702650979709895,0.029358676032446775,0.09562260943476412,0.0016745318922210383,0.0,0.09735179802401236,0.0011552429189718497,False,0.32659511320140816
2025-09-21,MPE,Owner Relations – East,2061,615,50,9,3,0,1661,1.2408187838651414,17830.0,5441.0,493.0,31.0,0.0,14868.0,1.1992198009147161,0.30515984296130116,0.02765002804262479,0.09060834405440177,0.0017386427369601794,0.0,32816.0,10010.0,953.0,57.0,0.0,27589.0,1.189459567218819,0.3050341296928328,0.029040711847879083,0.0952047952047952,0.0017369575816674793,0.0,48044.0,14733.0,1400.0,80.0,0.0,40526.0,1.1855105364457386,0.3066563983015569,0.029139955041212223,0.09502477431616099,0.00166514028806927,0.0,0.0969823589204174,0.0014375936420273332,False,0.4058293967343659
2025-09-22,MPE,Owner Relations – East,2592,722,63,10,5,0,2438,1.0631665299425759,18191.0,5468.0,480.0,32.0,0.0,15465.0,1.1762689945037181,0.30058820295750643,0.026386674729261723,0.08778346744696415,0.0017591116486174482,0.0,33208.0,10064.0,954.0,58.0,0.0,28104.0,1.1816111585539426,0.30305950373404,0.02872801734521802,0.09479332273449921,0.0017465670922669236,0.0,50636.0,15455.0,1463.0,85.0,0.0,42964.0,1.1785681035285356,0.3052176317244648,0.028892487558258947,0.09466192170818505,0.0016786476024962477,0.0,0.0964443539725515,0.0015093367504255286,False,0.38775338665167935
2025-09-23,MPE,Owner Relations – East,3378,962,83,12,4,0,2816,1.1995738636363635,18845.0,5539.0,475.0,32.0,0.0,16023.0,1.1761218248767398,0.2939241178031308,0.02520562483417352,0.08575555154359993,0.0016980631467232688,0.0,33768.0,10142.0,955.0,58.0,0.0,28701.0,1.1765443712762622,0.30034352049277424,0.02828121298270552,0.0941628870045356,0.0017176024638711205,0.0,54014.0,16417.0,1546.0,89.0,0.0,45780.0,1.1798602009611183,0.303939719332025,0.028622209056911173,0.09417067673752817,0.0016477209612322731,0.0,0.09583222229854148,0.0014242045763222127,False,0.39600611071808045
2025-09-24,MPE,Owner Relations – East,3922,1127,110,15,8,0,3406,1.1514973576042278,20262.0,5915.0,514.0,36.0,0.0,17235.0,1.1756309834638816,0.29192577238179845,0.025367683348139373,0.08689771766694844,0.0017767249037607344,0.0,35286.0,10557.0,986.0,62.0,0.0,29987.0,1.1767099076266383,0.29918381227682367,0.02794309357818965,0.09339774557165861,0.0017570707929490449,0.0,57936.0,17544.0,1656.0,97.0,0.0,49186.0,1.1778961493107796,0.3028169014084507,0.028583264291632146,0.09439124487004104,0.0016742612537972935,0.0,0.09528771886001595,0.0010449632099414168,False,0.47457314315370724
2025-09-25,MPE,Owner Relations – East,3626,1066,81,11,3,0,3441,1.053763440860215,20393.0,5947.0,507.0,33.0,0.0,17764.0,1.1479959468588157,0.29161967341734907,0.024861472073750796,0.08525306877417185,0.001618202324326975,0.0,36441.0,10866.0,989.0,61.0,0.0,31375.0,1.1614661354581672,0.2981806207293982,0.027139760160259048,0.09101785385606478,0.0016739386954254822,0.0,61562.0,18610.0,1737.0,100.0,0.0,52627.0,1.169779770840063,0.30229687144667167,0.028215457587472792,0.09333691563675443,0.0016243786751567524,0.0,0.09474536670591369,0.0009029427056924484,False,0.7397497304620124
2025-09-26,MPE,Owner Relations – East,2636,786,64,12,4,1,2394,1.1010860484544696,20047.0,5814.0,497.0,30.0,1.0,17826.0,1.124593290698979,0.2900184566269267,0.024791739412380904,0.08548331613347093,0.0014964832643288273,4.9882775477627575e-05,36853.0,10996.0,995.0,60.0,1.0,31734.0,1.1613096363521775,0.2983746235041923,0.026999158820177463,0.09048744998181157,0.0016280899791061786,2.7134832985102978e-05,64198.0,19396.0,1801.0,104.0,1.0,55021.0,1.1667908616709983,0.3021277921430574,0.028053833452755538,0.0928541967415962,0.0016199881616249727,1.5576809246393967e-05,0.09429461992071857,0.0009529171805252785,False,0.7262799640861558
2025-09-27,MPE,Owner Relations – East,1858,526,42,7,3,0,1619,1.147621988882026,20073.0,5804.0,493.0,30.0,1.0,17775.0,1.129282700421941,0.2891446221292283,0.02456035470532556,0.08494141971054445,0.0014945449110745778,4.981816370248592e-05,37342.0,11093.0,989.0,61.0,1.0,32247.0,1.157999193723447,0.29706496706121793,0.02648492314284184,0.08915532317677814,0.0016335493546141074,2.6779497616624714e-05,66056.0,19922.0,1843.0,107.0,1.0,56640.0,1.1662429378531074,0.3015925881070607,0.02790056921400024,0.09251079208914767,0.00161983771345525,1.5138670219207945e-05,0.09385007458563052,0.0009559854092569811,False,0.8072016013559267
2025-09-28,MPE,Owner Relations – East,1616,475,43,6,2,0,1344,1.2023809523809523,19628.0,5664.0,486.0,29.0,1.0,17458.0,1.1242983159583,0.2885673527613613,0.024760546158549012,0.0858050847457627,0.001477481149378439,5.0947625840635824e-05,37458.0,11105.0,979.0,60.0,1.0,32326.0,1.1587576563756727,0.2964653745528325,0.026135938918255112,0.08815848716794236,0.0016017940092904052,2.6696566821506754e-05,67672.0,20397.0,1886.0,109.0,1.0,57984.0,1.167080573951435,0.3014097411041494,0.027869724553729755,0.09246457812423396,0.0016107104858730347,1.477716042085353e-05,0.09348433227249807,0.000920756711134834,False,0.8661625443363339
2025-09-01,MPW,Owner Relations – West,1664,482,38,7,2,0,1530,1.0875816993464051,1664.0,482.0,38.0,2.0,0.0,1530.0,1.0875816993464051,0.28966346153846156,0.02283653846153846,0.07883817427385892,0.001201923076923077,0.0,1664.0,482.0,38.0,2.0,0.0,1530.0,1.0875816993464051,0.28966346153846156,0.02283653846153846,0.07883817427385892,0.001201923076923077,0.0,1664.0,482.0,38.0,2.0,0.0,1530.0,1.0875816993464051,0.28966346153846156,0.02283653846153846,0.07883817427385892,0.001201923076923077,0.0,0.07883817427385892,0.0,False,0.25211670898646105
2025-09-02,MPW,Owner Relations – West,2039,600,65,7,2,0,1753,1.1631488876212208,3703.0,1082.0,103.0,4.0,0.0,3283.0,1.1279317697228144,0.29219551714825814,0.027815284904131786,0.09519408502772643,0.001080205238995409,0.0,3703.0,1082.0,103.0,4.0,0.0,3283.0,1.1279317697228144,0.29219551714825814,0.027815284904131786,0.09519408502772643,0.001080205238995409,0.0,3703.0,1082.0,103.0,4.0,0.0,3283.0,1.1279317697228144,0.29219551714825814,0.027815284904131786,0.09519408502772643,0.001080205238995409,0.0,0.08701612965079267,0.011565375406541699,False,0.19422550073712708
2025-09-03,MPW,Owner Relations – West,2012,597,52,8,3,0,1836,1.0958605664488017,5715.0,1679.0,155.0,7.0,0.0,5119.0,1.1164289900371167,0.2937882764654418,0.02712160979877515,0.09231685527099463,0.0012248468941382328,0.0,5715.0,1679.0,155.0,7.0,0.0,5119.0,1.1164289900371167,0.2937882764654418,0.02712160979877515,0.09231685527099463,0.0012248468941382328,0.0,5715.0,1679.0,155.0,7.0,0.0,5119.0,1.1164289900371167,0.2937882764654418,0.02712160979877515,0.09231685527099463,0.0012248468941382328,0.0,0.08878303819085999,0.008731829791859682,False,0.21904285678950897
2025-09-04,MPW,Owner Relations – West,2103,605,45,7,2,0,1745,1.2051575931232092,7818.0,2284.0,200.0,9.0,0.0,6864.0,1.138986013986014,0.29214632898439497,0.025581990278843694,0.08756567425569177,0.0011511895625479663,0.0,7818.0,2284.0,200.0,9.0,0.0,6864.0,1.138986013986014,0.29214632898439497,0.025581990278843694,0.08756567425569177,0.0011511895625479663,0.0,7818.0,2284.0,200.0,9.0,0.0,6864.0,1.138986013986014,0.29214632898439497,0.025581990278843694,0.08756567425569177,0.0011511895625479663,0.0,0.08847869720706794,0.00715544511173141,False,0.2698764034101037
2025-09-05,MPW,Owner Relations – West,1774,526,45,6,2,0,1410,1.2581560283687943,9592.0,2810.0,245.0,11.0,0.0,8274.0,1.1592941745226009,0.292952460383653,0.025542118432026688,0.08718861209964412,0.0011467889908256881,0.0,9592.0,2810.0,245.0,11.0,0.0,8274.0,1.1592941745226009,0.292952460383653,0.025542118432026688,0.08718861209964412,0.0011467889908256881,0.0,9592.0,2810.0,245.0,11.0,0.0,8274.0,1.1592941745226009,0.292952460383653,0.025542118432026688,0.08718861209964412,0.0011467889908256881,0.0,0.08822068018558318,0.00622359702881943,False,0.2760444037475321
2025-09-06,MPW,Owner Relations – West,1142,333,27,3,1,0,974,1.1724845995893223,10734.0,3143.0,272.0,12.0,0.0,9248.0,1.1606833910034602,0.2928079001304267,0.02534004099124278,0.08654152083996182,0.0011179429849077697,0.0,10734.0,3143.0,272.0,12.0,0.0,9248.0,1.1606833910034602,0.2928079001304267,0.02534004099124278,0.08654152083996182,0.0011179429849077697,0.0,10734.0,3143.0,272.0,12.0,0.0,9248.0,1.1606833910034602,0.2928079001304267,0.02534004099124278,0.08654152083996182,0.0011179429849077697,0.0,0.08794082029464628,0.005608605649627659,False,0.28435779033447556
2025-09-07,MPW,Owner Relations – West,881,261,22,2,1,0,699,1.2603719599427754,11615.0,3404.0,294.0,13.0,0.0,9947.0,1.1676887503769982,0.29306930693069305,0.025312096427034008,0.0863689776733255,0.0011192423590185106,0.0,11615.0,3404.0,294.0,13.0,0.0,9947.0,1.1676887503769982,0.29306930693069305,0.025312096427034008,0.0863689776733255,0.0011192423590185106,0.0,11615.0,3404.0,294.0,13.0,0.0,9947.0,1.1676887503769982,0.29306930693069305,0.025312096427034008,0.0863689776733255,0.0011192423590185106,0.0,0.08771627134874331,0.00515428657021891,False,0.2864418867015317
2025-09-08,MPW,Owner Relations – West,1468,418,36,7,2,0,1373,1.0691915513474144,11419.0,3340.0,292.0,13.0,0.0,9790.0,1.166394279877426,0.2924949645327962,0.025571416060951046,0.08742514970059881,0.0011384534547683686,0.0,13083.0,3822.0,330.0,15.0,0.0,11320.0,1.1557420494699646,0.29213483146067415,0.025223572575097455,0.08634222919937205,0.0011465260261407934,0.0,13083.0,3822.0,330.0,15.0,0.0,11320.0,1.1557420494699646,0.29213483146067415,0.025223572575097455,0.08634222919937205,0.0011465260261407934,0.0,0.0887882791952452,0.0035219075958936646,False,0.33137640090864273
2025-09-09,MPW,Owner Relations – West,1803,499,44,8,2,0,1565,1.152076677316294,11183.0,3239.0,271.0,13.0,0.0,9602.0,1.1646531972505727,0.2896360547259233,0.024233211124027543,0.08366779870330349,0.0011624787624072252,0.0,14886.0,4321.0,374.0,17.0,0.0,12885.0,1.1552968568102444,0.2902727394867661,0.025124277844954992,0.08655403841703309,0.001142012629316136,0.0,14886.0,4321.0,374.0,17.0,0.0,12885.0,1.1552968568102444,0.2902727394867661,0.025124277844954992,0.08655403841703309,0.001142012629316136,0.0,0.08755398682228899,0.002149268811405845,False,0.30638044581283347
2025-09-10,MPW,Owner Relations – West,1820,511,48,6,2,0,1423,1.2789880534082922,10991.0,3153.0,267.0,12.0,0.0,9189.0,1.196104037436065,0.28687107633518333,0.024292603038849968,0.08468125594671741,0.0010918023837685378,0.0,16706.0,4832.0,422.0,19.0,0.0,14308.0,1.1675985462678222,0.28923739973662155,0.025260385490243027,0.08733443708609272,0.0011373159343948283,0.0,16706.0,4832.0,422.0,19.0,0.0,14308.0,1.1675985462678222,0.28923739973662155,0.025260385490243027,0.08733443708609272,0.0011373159343948283,0.0,0.08684221279587445,0.0005054814398720756,False,0.17807246114680297
2025-09-11,MPW,Owner Relations – West,2124,627,63,8,2,0,1857,1.1437802907915993,11012.0,3175.0,285.0,12.0,0.0,9301.0,1.1839587141167616,0.2883218307301126,0.025880857246640028,0.08976377952755905,0.0010897203051216855,0.0,18830.0,5459.0,485.0,21.0,0.0,16165.0,1.1648623569440149,0.28990971853425385,0.02575677110993096,0.0888441106429749,0.0011152416356877324,0.0,18830.0,5459.0,485.0,21.0,0.0,16165.0,1.1648623569440149,0.28990971853425385,0.02575677110993096,0.0888441106429749,0.0011152416356877324,0.0,0.0870248465654863,0.000892914867731594,False,0.11264113394781658
2025-09-12,MPW,Owner Relations – West,1400,403,31,5,1,0,1298,1.078582434514638,10638.0,3052.0,271.0,11.0,0.0,9189.0,1.157688540646425,0.28689603308892647,0.025474713291972175,0.08879423328964614,0.0010340289528106787,0.0,20230.0,5862.0,516.0,22.0,0.0,17463.0,1.1584492927904713,0.2897676717745922,0.02550667325753831,0.08802456499488229,0.001087493821057835,0.0,20230.0,5862.0,516.0,22.0,0.0,17463.0,1.1584492927904713,0.2897676717745922,0.02550667325753831,0.08802456499488229,0.001087493821057835,0.0,0.08714426840766319,0.0009709590206998335,False,0.18184923284299653
2025-09-13,MPW,Owner Relations – West,1025,295,21,3,1,0,808,1.2685643564356435,10521.0,3014.0,265.0,11.0,0.0,9023.0,1.1660201706749418,0.2864746697082026,0.02518771979849824,0.08792302587923026,0.001045527991635776,0.0,21255.0,6157.0,537.0,23.0,0.0,18271.0,1.163318920693996,0.2896730181133851,0.025264643613267468,0.08721780087705051,0.0010820983298047517,0.0,21255.0,6157.0,537.0,23.0,0.0,18271.0,1.163318920693996,0.2896730181133851,0.025264643613267468,0.08721780087705051,0.0010820983298047517,0.0,0.08724087984153302,0.0009339284884181325,False,0.26200994670439376
2025-09-14,MPW,Owner Relations – West,1117,311,31,4,1,0,1031,1.0834141610087293,10757.0,3064.0,274.0,11.0,0.0,9355.0,1.1498663816141101,0.2848377800501999,0.02547178581388863,0.08942558746736293,0.0010225899414334852,0.0,22372.0,6468.0,568.0,24.0,0.0,19302.0,1.159050875556937,0.28911138923654567,0.025388878955837656,0.0878169449598021,0.001072769533345253,0.0,22372.0,6468.0,568.0,24.0,0.0,19302.0,1.159050875556937,0.28911138923654567,0.025388878955837656,0.0878169449598021,0.001072769533345253,0.0,0.08744773231102966,0.000866550301432567,False,0.22029176853269974
2025-09-15,MPW,Owner Relations – West,1656,451,41,8,1,0,1383,1.1973969631236443,10945.0,3097.0,279.0,10.0,0.0,9365.0,1.1687132941804592,0.28296025582457746,0.025491091822750115,0.09008718114304165,0.0009136592051164915,0.0,22364.0,6437.0,571.0,23.0,0.0,19155.0,1.167528060558601,0.287828653192631,0.025532105169021643,0.08870591890632282,0.001028438561974602,0.0,24028.0,6919.0,609.0,25.0,0.0,20685.0,1.1616146966400773,0.2879557183286166,0.025345430331280172,0.08801849978320567,0.0010404528050607625,0.0,0.08768719953729161,0.0007311729229705302,False,0.1487175742531679
2025-09-16,MPW,Owner Relations – West,2122,590,56,8,3,0,1916,1.1075156576200418,11264.0,3188.0,291.0,11.0,0.0,9716.0,1.159324825030877,0.2830255681818182,0.025834517045454544,0.09127979924717691,0.0009765625,0.0,22447.0,6427.0,562.0,24.0,0.0,19318.0,1.1619732891603685,0.2863188844834499,0.025036753240967612,0.08744359732379026,0.0010691851917850937,0.0,26150.0,7509.0,665.0,28.0,0.0,22601.0,1.157028450068581,0.287151051625239,0.025430210325047803,0.0885603941936343,0.0010707456978967496,0.0,0.0879738217910918,0.0005931598475533476,False,0.35379304073625273
2025-09-17,MPW,Owner Relations – West,2067,552,50,8,3,0,1822,1.1344676180021953,11511.0,3229.0,293.0,12.0,0.0,10115.0,1.1380128521997035,0.28051429067848144,0.025453913647815133,0.09074016723443791,0.0010424811050299713,0.0,22502.0,6382.0,560.0,24.0,0.0,19304.0,1.1656651471197679,0.2836192338458804,0.024886676739845348,0.08774678784080225,0.0010665718602790863,0.0,28217.0,8061.0,715.0,31.0,0.0,24423.0,1.1553453711665234,0.285678846085693,0.02533933444377503,0.08869867262126287,0.0010986284863734627,0.0,0.08816871258183037,0.0005718027939926831,False,0.3366341787413667
2025-09-18,MPW,Owner Relations – West,1958,575,56,6,2,0,1711,1.1443600233781415,11345.0,3177.0,286.0,12.0,0.0,9969.0,1.1380278864479887,0.28003525782282945,0.0252093433230498,0.09002203336480957,0.0010577346848832084,0.0,22357.0,6352.0,571.0,24.0,0.0,19270.0,1.160197197716658,0.28411683141745314,0.025540099297759092,0.08989294710327456,0.0010734892874714854,0.0,30175.0,8636.0,771.0,33.0,0.0,26134.0,1.1546261574959822,0.28619718309859155,0.025550952775476386,0.08927744326076888,0.0010936205468102735,0.0,0.08823061724151524,0.0006718192317002403,False,0.09217249707297405
2025-09-19,MPW,Owner Relations – West,1898,520,39,6,2,0,1776,1.0686936936936937,11843.0,3294.0,294.0,13.0,0.0,10447.0,1.1336268785297214,0.27813898505446255,0.024824791015789917,0.08925318761384335,0.0010976948408342481,0.0,22481.0,6346.0,565.0,24.0,0.0,19636.0,1.1448869423507844,0.28228281660068505,0.025132333970908766,0.08903246139300347,0.0010675681686757707,0.0,32073.0,9156.0,810.0,35.0,0.0,27910.0,1.1491580078824795,0.285473762978206,0.025254887288373398,0.08846657929226737,0.001091260561843295,0.0,0.08829376214114168,0.0006699945389211085,False,0.16645509287872623
2025-09-20,MPW,Owner Relations – West,1198,342,31,4,1,0,1057,1.1333964049195837,12016.0,3341.0,304.0,13.0,0.0,10696.0,1.1234106207928198,0.27804593874833555,0.02529960053262317,0.09099072134091589,0.0010818908122503328,0.0,22537.0,6355.0,569.0,24.0,0.0,19719.0,1.1429078553679193,0.28198074277854196,0.025247370989927676,0.08953579858379229,0.0010649154723343835,0.0,33271.0,9498.0,841.0,36.0,0.0,28967.0,1.1485828701625989,0.2854738360734574,0.02527726849208019,0.08854495683301748,0.0010820233837275707,0.0,0.08848335584913694,0.00047383924941672207,False,0.10233384259922768
2025-09-21,MPW,Owner Relations – West,866,243,20,3,1,0,683,1.2679355783308932,11765.0,3273.0,293.0,13.0,0.0,10348.0,1.1369346733668342,0.2781980450488738,0.024904377390565235,0.0895203177512985,0.0011049723756906078,0.0,22522.0,6337.0,567.0,24.0,0.0,19703.0,1.143074658681419,0.28136932776840423,0.0251753840689104,0.08947451475461575,0.0010656247224935618,0.0,34137.0,9741.0,861.0,37.0,0.0,29650.0,1.1513322091062395,0.2853502065207839,0.025221899991211882,0.0883892824145365,0.0010838679438732166,0.0,0.08856511834267045,0.00037971313864517125,False,0.09463145479448788
2025-09-22,MPW,Owner Relations – West,1660,456,44,6,3,0,1438,1.1543810848400555,11769.0,3278.0,296.0,15.0,0.0,10403.0,1.131308276458714,0.2785283371569377,0.02515081995071799,0.09029896278218426,0.0012745347947998981,0.0,22714.0,6375.0,575.0,25.0,0.0,19768.0,1.1490287333063538,0.2806639077221097,0.025314783833758916,0.09019607843137255,0.0011006427753808225,0.0,35797.0,10197.0,905.0,40.0,0.0,31088.0,1.151473237261966,0.28485627287202836,0.025281448166047434,0.08875159360596253,0.0011174120736374556,0.0,0.08866984603163572,0.0002956062579330552,False,0.025653677693814842
2025-09-23,MPW,Owner Relations – West,1913,549,58,8,2,0,1720,1.1122093023255815,11560.0,3237.0,298.0,14.0,0.0,10207.0,1.1325560889585577,0.28001730103806227,0.025778546712802768,0.09206054989187519,0.0012110726643598615,0.0,22824.0,6425.0,589.0,25.0,0.0,19923.0,1.1456106008131306,0.2815019277953032,0.025806168944970207,0.09167315175097276,0.0010953382404486505,0.0,37710.0,10746.0,963.0,42.0,0.0,32808.0,1.1494147768836869,0.28496420047732696,0.025536992840095467,0.08961474036850921,0.0011137629276054097,0.0,0.08882046691376068,0.00045576627973558515,False,0.014958343986275048
2025-09-24,MPW,Owner Relations – West,1867,549,43,8,3,0,1545,1.2084142394822006,11360.0,3234.0,291.0,14.0,0.0,9930.0,1.1440080563947634,0.2846830985915493,0.025616197183098592,0.08998144712430427,0.0012323943661971832,0.0,22871.0,6463.0,584.0,26.0,0.0,20045.0,1.1409827887253678,0.2825849328844388,0.025534519697433433,0.09036051369333127,0.0011368108084473787,0.0,39577.0,11295.0,1006.0,45.0,0.0,34353.0,1.1520682327598755,0.2853930313060616,0.02541880385072138,0.08906595838866756,0.001137024029107815,0.0,0.08887293630910421,0.00046052476641634973,False,0.06454567321309926
2025-09-25,MPW,Owner Relations – West,2042,580,53,6,2,0,1596,1.2794486215538847,11444.0,3239.0,288.0,14.0,0.0,9815.0,1.165970453387672,0.2830304089479203,0.02516602586508214,0.0889163322012967,0.001223348479552604,0.0,22789.0,6416.0,574.0,26.0,0.0,19784.0,1.1518904164981802,0.2815393391548554,0.02518759050419062,0.0894638403990025,0.0011409013120365088,0.0,41619.0,11875.0,1059.0,47.0,0.0,35949.0,1.1577234415421849,0.285326413416949,0.02544510920493044,0.08917894736842105,0.0011292919099449772,0.0,0.08885886546734025,0.00044742398558499005,False,0.15085828984666647
2025-09-26,MPW,Owner Relations – West,1747,533,44,6,2,0,1431,1.2208245981830887,11293.0,3252.0,293.0,14.0,0.0,9470.0,1.1925026399155227,0.28796599663508365,0.0259452758345878,0.09009840098400984,0.001239706012574161,0.0,23136.0,6546.0,587.0,27.0,0.0,19917.0,1.1616207260129539,0.2829356846473029,0.025371715076071923,0.08967308279865567,0.00116701244813278,0.0,43366.0,12408.0,1103.0,49.0,0.0,37380.0,1.160139111824505,0.286122768989531,0.025434672323940415,0.08889426176660219,0.0011299174468477609,0.0,0.08891996296367378,0.00041278797295566744,False,0.12380156120885959
2025-09-27,MPW,Owner Relations – West,1175,345,32,4,2,0,1098,1.070127504553734,11270.0,3255.0,294.0,15.0,0.0,9511.0,1.184943749342866,0.2888198757763975,0.02608695652173913,0.09032258064516129,0.0013309671694764862,0.0,23286.0,6596.0,598.0,28.0,0.0,20207.0,1.1523729400702727,0.2832603280941338,0.025680666494889634,0.09066100667070952,0.001202439233874431,0.0,44541.0,12753.0,1135.0,51.0,0.0,38478.0,1.1575705598004054,0.286320468781572,0.025482140050739767,0.08899866698031836,0.0011450124604297164,0.0,0.08898477869900248,0.00037826812163769825,False,0.03682296841802222
2025-09-28,MPW,Owner Relations – West,871,251,22,3,1,0,771,1.1297016861219196,11275.0,3263.0,296.0,15.0,0.0,9599.0,1.17460152099177,0.28940133037694016,0.026252771618625277,0.09071406680968434,0.0013303769401330377,0.0,23040.0,6536.0,589.0,28.0,0.0,19947.0,1.1550609114152504,0.28368055555555555,0.02556423611111111,0.09011627906976744,0.0012152777777777778,0.0,45412.0,13004.0,1157.0,52.0,0.0,39249.0,1.1570231088690157,0.2863560292433718,0.025477847265040078,0.08897262380805906,0.0011450717871928126,0.0,0.08906811318379142,0.00027551167342469913,False,0.04981141041472032
